,support,confidence
e---a,0.222222222222,1.0
d---b,0.222222222222,1.0
e---c,0.222222222222,1.0
c---e---a,0.222222222222,1.0
a---e---c,0.222222222222,1.0
a---b,0.555555555556,0.833333333333
c---b,0.555555555556,0.833333333333
a---c---b,0.333333333333,0.75
c---a,0.444444444444,0.666666666667
a---c,0.444444444444,0.666666666667
b---a,0.555555555556,0.625
b---c,0.555555555556,0.625
b---c---a,0.333333333333,0.6
a---b---c,0.333333333333,0.6
